{
    "human": {
        "name": "Human",
        "hp": 80,
        "resource": 5,
        "resourceName": "Will",
        "attacks": []
    },
        "warrior": {
        "name": "Warrior",
        "hp": 90,
        "resource": 10,
        "resourceName": "Stamina",
        "attacks": []
    },
        "mage": {
        "name": "Mage",
        "hp": 80,
        "resource": 20,
        "resourceName": "Mana",
        "attacks": [
            {"name": "Arcane Blast", "cost": 10, "min": 12, "max": 20},
            {"name": "Fire Attack", "cost": 20, "min": 20, "max": 30},
            {"name": "Fu-Rah-Shah", "cost": 100, "min": 1, "max": 100},
            {"name": "Holy Attack", "cost": 30, "min": 30, "max": 40}
        ]
    },
        "ranger": {
        "name": "Ranger",
        "hp": 85,
        "resource": 15,
        "resourceName": "Focus",
        "attacks": []
    }
}